"","EPHA4","EPHA5","EPHA6","EPHB1","EPHB2","PTPRE","PTPRG","PTPRH","PTPRK","PTPRO","PTPRS","PTPRT","PTPRU","PTPRZ1","TENM1","TENM2","TENM3"
"L56NP1",1.97356160119335,NA,-3.00449970001388,-1.63739522864552,NA,NA,NA,-3.9728011402002,NA,-3.10929582167086,NA,-1.24184255831851,NA,-4.40563892204922,2.05210590345282,NA,NA
"L56NP2",NA,NA,-4.51390361499898,NA,-0.985097534009865,NA,NA,-2.65848299311283,NA,-1.68992850223954,NA,NA,-3.03843187164122,-3.95082719163391,NA,NA,-1.80283055939571
"L5IT1",NA,NA,-2.13426506814248,NA,NA,1.04231798894728,NA,NA,NA,NA,NA,NA,NA,-2.11552617140732,1.45033119696736,-1.48902191368396,NA
"L5IT2",NA,NA,NA,-0.889795237199882,NA,NA,NA,-3.27861171919769,NA,NA,NA,NA,NA,NA,NA,NA,NA
"L5ET1",NA,0.74173697685596,NA,NA,NA,NA,NA,NA,-1.46467652925811,NA,NA,1.47582894927609,NA,NA,NA,NA,NA
"L5ET2",NA,NA,NA,NA,NA,NA,-0.954471284242098,NA,NA,NA,-0.802655202491579,NA,-1.70342230607509,-1.59310975657658,NA,-0.684944448386632,NA
